Sector,Returns,SD
Airlines,0.11450,0.07690
Automobiles,0.13200,0.08860
Commodities,0.03920,0.02640
Energy,0.17450,0.11970
Finance,0.13040,0.08910
Food,0.10420,0.07070
Home Development,0.12210,0.08290
Index,0.11600,0.07790
Logistics,0.11410,0.07830
Media,0.10350,0.06950
Technology,0.11750,0.07780